first_name,last_name,email_address,phone_number,salesforce_id,account_name,source
Amanda,Smith,amandasmith@protonmail.com,+12339597515,0036smlZl4xnhYjrB8,Harbor Freight,ServiceCloud
Patricia,Martinez,patricia_martinez97@protonmail.com,+18569704766,003WAT9VACiwBbmZCw,NovaBridge Ltd,ServiceCloud
Christopher,Perez,christopherperez71@outlook.com,+18445589673,003tY8KitU7rruFhbI,TechVentures LLC,ServiceCloud
Christopher,Moore,christophermoore@protonmail.com,+18099548761,003Ld0lHpGVa2JlPcD,Harbor Freight,ServiceCloud
Carol,Martinez,carolmartinez@hotmail.com,+13409988667,0030NYuwahmBnGRb5I,Global Logistics Inc.,ServiceCloud
Anthony,White,anthonywhite27@hotmail.com,+13524654848,003c2O38znNx7gfowS,Harbor Freight,ServiceCloud
Ronald,Ramirez,ronaldramirez11@outlook.com,+17902111371,003j98glnbGvAHWJL9,Global Logistics Inc.,ServiceCloud
Linda,Moore,linda_moore@icloud.com,+16776363759,003cX9OS3JrU7jXfPE,Global Logistics Inc.,ServiceCloud
Deborah,Harris,deborahharris6@yahoo.com,+14329517280,0034gHeBEYiKVEgwj0,Acme Corp,ServiceCloud
Paul,Rodriguez,paulrodriguez74@icloud.com,+14497905461,003wrDRW1QQiNmBdye,NovaBridge Ltd,ServiceCloud
Margaret,Jackson,margaret_jackson50@yahoo.com,+17986994046,003pvXdaut2U8fNsPf,Harbor Freight,ServiceCloud
Carol,Jackson,caroljackson@yahoo.com,+17517652369,003aHm8sB4bFGFJuqb,Global Logistics Inc.,ServiceCloud
Carol,Smith,carolsmith29@protonmail.com,+12794688001,0038avFu2D6kyrtKaX,Acme Corp,ServiceCloud
Nancy,Clark,nancyclark33@yahoo.com,+19863384494,003oBz13aXHPSwv1Fa,NovaBridge Ltd,ServiceCloud
Richard,Smith,richardsmith95@hotmail.com,+14384744030,0031MxFvL2lQEM4yNm,NovaBridge Ltd,ServiceCloud
Kenneth,Robinson,kennethrobinson78@outlook.com,+18428868536,003TV5NGAUsSKAyho2,NovaBridge Ltd,ServiceCloud
Mark,Garcia,mark.garcia75@gmail.com,+15386773536,003JK52fYxvQc1czvR,Global Logistics Inc.,ServiceCloud
Carol,Perez,carol_perez@globallogisticsinc.com,+13326741811,003NQtqgWL15dwHH5j,Global Logistics Inc.,ServiceCloud
Robert,Sanchez,robertsanchez50@protonmail.com,+13165566766,003BRlGLawDQ3ZWnoA,Global Logistics Inc.,ServiceCloud
Paul,Hernandez,paul_hernandez10@yahoo.com,+14244756658,0031gIbf0MJkRckIBq,NovaBridge Ltd,ServiceCloud
Robert,Hernandez,robert_hernandez@outlook.com,+14139108063,003QMv2djLXKQxVrpF,Global Logistics Inc.,ServiceCloud
Steven,White,steven_white@hotmail.com,+16855278754,0038IYUd48e11ERX5L,Global Logistics Inc.,ServiceCloud
Nancy,Smith,nancysmith@outlook.com,+13216151043,0032VabIxXU9CKLaGV,Acme Corp,ServiceCloud
Joseph,Miller,joseph.miller48@protonmail.com,+18783157102,003SnH0cJ0n1dNkj6k,Global Logistics Inc.,ServiceCloud
Deborah,Garcia,deborah_garcia@protonmail.com,+16244095991,003A3DJrfbFFFuFuLZ,TechVentures LLC,ServiceCloud
Margaret,White,margaret.white21@yahoo.com,+16692407499,003KYgxWHqtXkNX2uk,NovaBridge Ltd,ServiceCloud
Dorothy,Thomas,dorothy.thomas@protonmail.com,+16953984440,003ENe9vnfJP7juMZL,NovaBridge Ltd,ServiceCloud
Nancy,Jones,nancy_jones@globallogisticsinc.com,+18538263784,003DLUt3drwd6koKVY,Global Logistics Inc.,ServiceCloud
Matthew,Rodriguez,matthewrodriguez89@icloud.com,+18059215458,003W85e01ofcOBiqrb,Acme Corp,ServiceCloud
Charles,Thompson,charles.thompson@globallogisticsinc.com,+19855369808,003U41MQakFVrMCqt7,NovaBridge Ltd,ServiceCloud
Robert,Jackson,robertjackson@icloud.com,+14608436264,003NsPd0EKNqLhQpi8,Global Logistics Inc.,ServiceCloud
Christopher,Ramirez,christopher_ramirez95@globallogisticsinc.com,+16853847157,003W3liOavnKUiT6TK,Global Logistics Inc.,ServiceCloud
James,Clark,james_clark99@yahoo.com,+13967181473,003l7zxYM9nO3p3XDX,Global Logistics Inc.,ServiceCloud
Matthew,Sanchez,matthew_sanchez@outlook.com,+14555023901,0032gryQciFoEC1HAV,Global Logistics Inc.,ServiceCloud
Linda,Jackson,linda.jackson@yahoo.com,+15486789894,003l5aVDcExJ72UK9A,Harbor Freight,ServiceCloud
Patricia,Brown,patriciabrown53@protonmail.com,+12753327108,003vSCEGrSz97oczCW,Global Logistics Inc.,ServiceCloud
Kenneth,Lewis,kenneth_lewis76@gmail.com,+19826487493,0037vnqANVT2JLBMiM,NovaBridge Ltd,ServiceCloud
Sarah,Lopez,sarah_lopez89@protonmail.com,+12555268540,003GJxlsmKtJdxqUnQ,Acme Corp,ServiceCloud
Jessica,Rodriguez,jessica.rodriguez38@gmail.com,+18688748641,003Gd6Y3YfmGlVf9yb,NovaBridge Ltd,ServiceCloud
Jennifer,Robinson,jennifer_robinson71@yahoo.com,+13857986001,00315WoWi8EAqNTMIS,TechVentures LLC,ServiceCloud
Joshua,Moore,joshuamoore69@icloud.com,+12407717347,003aOnxydWPoZDwdTX,Global Logistics Inc.,ServiceCloud
Dorothy,Thomas,dorothy.thomas10@globallogisticsinc.com,+19876204577,003tk4JbeyHiLbwSjK,Acme Corp,ServiceCloud
Dorothy,Jones,dorothy_jones@hotmail.com,+12553484695,003lbZt5VUX9gkY7Da,Harbor Freight,ServiceCloud
Brian,Sanchez,briansanchez15@icloud.com,+17407931848,003pdj2QTCHzF5xxNP,Acme Corp,ServiceCloud
Amanda,Sanchez,amandasanchez@icloud.com,+14556033092,003uLLufZonaZ8rTnk,TechVentures LLC,ServiceCloud
Jennifer,Smith,jennifersmith55@globallogisticsinc.com,+15324295236,003f24m4J9Mefb46Sa,Harbor Freight,ServiceCloud
Donald,Lewis,donaldlewis@outlook.com,+12625258615,003YbGX2YnBCJyulDg,Global Logistics Inc.,ServiceCloud
Anthony,Brown,anthony.brown@protonmail.com,+16818941114,003fHIIvXoOgOc9XPj,NovaBridge Ltd,ServiceCloud
Brian,White,brian.white43@globallogisticsinc.com,+19696039652,003dgt8GW3ses0RPxk,NovaBridge Ltd,ServiceCloud
Donna,Sanchez,donnasanchez38@gmail.com,+17345023378,003lT1WvS7v3OnokNV,Global Logistics Inc.,ServiceCloud
Andrew,Sanchez,andrew.sanchez@yahoo.com,+19065579350,003gFhrdinCy45XGmU,Global Logistics Inc.,ServiceCloud
Richard,Lewis,richard_lewis@gmail.com,+15933865394,003JBuLt2Lidi7yeCK,Acme Corp,ServiceCloud
Christopher,Miller,christopher_miller@protonmail.com,+18748464054,003j1lhttP6hbs7Qh4,Global Logistics Inc.,ServiceCloud
Donna,Davis,donna.davis51@yahoo.com,+19257386799,003xac75iEcyy5UZd8,Acme Corp,ServiceCloud
Ashley,White,ashley_white@globallogisticsinc.com,+14724117970,003HOPNeiGlL13C5UG,NovaBridge Ltd,ServiceCloud
Christopher,Clark,christopher.clark46@icloud.com,+16893925792,003IlQthQzZnuoYWdF,Harbor Freight,ServiceCloud
Nancy,Taylor,nancytaylor78@outlook.com,+17959205478,003iJXjbNXPemVrzBx,NovaBridge Ltd,ServiceCloud
Brian,Robinson,brianrobinson@globallogisticsinc.com,+19396751194,00310J0ZBJwj15KnWf,Harbor Freight,ServiceCloud
Lisa,Perez,lisaperez@outlook.com,+14377749398,0039LbrWLzbxlMYBaq,Harbor Freight,ServiceCloud
Matthew,Johnson,matthewjohnson42@globallogisticsinc.com,+19015085447,003VG1qpga3JiQhDcu,Global Logistics Inc.,ServiceCloud
David,Taylor,david.taylor@protonmail.com,+17198756552,003N11CyGLzk1ssGUb,Global Logistics Inc.,ServiceCloud
Lisa,Jackson,lisa_jackson73@yahoo.com,+13935537176,003Y81PkU6lGl7Ihxy,Global Logistics Inc.,ServiceCloud
Steven,Thompson,steven.thompson@outlook.com,+18462476351,003mTbnAzTURdvmkuH,TechVentures LLC,ServiceCloud
Anthony,Smith,anthony.smith52@icloud.com,+13237613222,003roz2c3opqAFnyNP,TechVentures LLC,ServiceCloud
Maria,Gonzalez,maria.gonzalez91@gmail.com,+15188259648,003z1b0Y9lj2tOrXl1,NovaBridge Ltd,ServiceCloud
James,Martinez,jamesmartinez@hotmail.com,+17082966177,003BNU3ziv9wwe7Qeo,NovaBridge Ltd,ServiceCloud
Maria,Harris,mariaharris52@icloud.com,+19109611344,003p5SjfHQKyj6ToxY,NovaBridge Ltd,ServiceCloud
Daniel,Davis,daniel.davis96@icloud.com,+19603511238,003rqBB6FhJGtAj1k9,Harbor Freight,ServiceCloud
Stephanie,Brown,stephanie.brown@protonmail.com,+17294837877,003gSEmIGCaPonPWF1,Global Logistics Inc.,ServiceCloud
Deborah,Brown,deborahbrown@gmail.com,+15665965796,003Iz1a5BwaacvyQg3,Acme Corp,ServiceCloud
Ashley,White,ashleywhite@yahoo.com,+16578188189,003eOGqQEgoEt16VOu,Global Logistics Inc.,ServiceCloud
Joshua,Brown,joshuabrown@protonmail.com,+13833911484,0038gkWj2xrZzIckgA,TechVentures LLC,ServiceCloud
Nancy,Robinson,nancy.robinson@protonmail.com,+13213681961,003YycyAacT3fNqaHh,TechVentures LLC,ServiceCloud
Stephanie,Jones,stephanie_jones64@outlook.com,+14603628148,003DJU7u0ApalOtBTF,Acme Corp,ServiceCloud
James,Garcia,james.garcia38@protonmail.com,+13213754668,003KlKM07IAX5L6qws,Global Logistics Inc.,ServiceCloud
Daniel,Robinson,daniel_robinson64@hotmail.com,+15985109866,003vL2i5Vl1hao5OsX,Harbor Freight,ServiceCloud
Michelle,Wilson,michelle_wilson@outlook.com,+12964774438,003hYoaKO23tidkgvo,TechVentures LLC,ServiceCloud
Matthew,Harris,matthew.harris5@yahoo.com,+17007229754,003iBGUTgWCwsXJmr3,Acme Corp,ServiceCloud
Kenneth,Robinson,kenneth.robinson@outlook.com,+14905361547,003cn3vlmakwcY4Xv8,TechVentures LLC,ServiceCloud
James,Clark,james.clark@globallogisticsinc.com,+14822331216,0036EgT2x9mdRgBZM4,TechVentures LLC,ServiceCloud
Anthony,Lee,anthony_lee6@gmail.com,+14082319407,00302KSi0FumBcD68z,Global Logistics Inc.,ServiceCloud
Kevin,Jackson,kevinjackson13@globallogisticsinc.com,+13518386269,003HQh6Y5ihwIf5rjw,Global Logistics Inc.,ServiceCloud
Carol,Johnson,carol_johnson@outlook.com,+18076299736,003ANwKa3HgOqVMCBz,TechVentures LLC,ServiceCloud
Barbara,Lee,barbaralee@yahoo.com,+18393228475,003ONfza6QS2xgXziI,Acme Corp,ServiceCloud
Stephanie,Perez,stephanie_perez@outlook.com,+16388348838,0035fSKntHwlDaipAj,Global Logistics Inc.,ServiceCloud
Timothy,Ramirez,timothy_ramirez67@outlook.com,+19004157098,003ylUTUVmi9Moiiy9,Global Logistics Inc.,ServiceCloud
William,Ramirez,william_ramirez@protonmail.com,+17054109984,003EC3b8X79WU0YWVc,NovaBridge Ltd,ServiceCloud
Andrew,Moore,andrewmoore60@outlook.com,+12217159310,003ayjRf3rBL1Svzm5,Acme Corp,ServiceCloud
Emily,Martinez,emilymartinez36@gmail.com,+17878929899,003RKSlvkjzms90M4M,Global Logistics Inc.,ServiceCloud
Deborah,Wilson,deborah.wilson@hotmail.com,+13986561644,00399Xa93lyEeAbeC2,Harbor Freight,ServiceCloud
Andrew,Thompson,andrew_thompson@globallogisticsinc.com,+16625452989,003F8Dfd8clLWhFj0x,Global Logistics Inc.,ServiceCloud
Joseph,Johnson,joseph.johnson36@outlook.com,+18856047642,003DcT8JM7BgNOiRnm,Global Logistics Inc.,ServiceCloud
Stephanie,Jackson,stephanie_jackson3@icloud.com,+12007179947,003YdZSCOZCkNwmEMM,NovaBridge Ltd,ServiceCloud
William,Garcia,williamgarcia@outlook.com,+13135454515,00375FNUs9v91JSPQ1,Global Logistics Inc.,ServiceCloud
Patricia,Clark,patricia.clark82@yahoo.com,+12338059849,003MUeXTP01TInhmYE,NovaBridge Ltd,ServiceCloud
Ronald,Johnson,ronald_johnson62@globallogisticsinc.com,+13237484243,003SD6gbQgM8j3P2K9,NovaBridge Ltd,ServiceCloud
Lisa,Thomas,lisa_thomas33@globallogisticsinc.com,+16783347352,0030NTsC7GrCyxHBO1,TechVentures LLC,ServiceCloud
Karen,Davis,karen.davis59@yahoo.com,+14323814388,00323IawQ50MOJLdyR,Global Logistics Inc.,ServiceCloud
Emily,Wilson,emily_wilson90@yahoo.com,+13334822254,003f9HktgQZPlCayzY,Global Logistics Inc.,ServiceCloud
Maria,Moore,maria_moore@outlook.com,+16697316625,003aWCQEIQ0rr7lLFs,TechVentures LLC,ServiceCloud
Kenneth,Miller,kennethmiller66@outlook.com,+15923053324,0033v9giyeoDoy61qt,Acme Corp,ServiceCloud
Lisa,Robinson,lisa_robinson@icloud.com,+17194642614,0036YoUEgZVIcU2U2j,Global Logistics Inc.,ServiceCloud
Patricia,Jackson,patricia_jackson85@protonmail.com,+17262276564,003tURyBCSjzZSP7cx,Acme Corp,ServiceCloud
Ronald,Martinez,ronald.martinez32@globallogisticsinc.com,+19184789356,003pt03tvnVpURYWWr,Global Logistics Inc.,ServiceCloud
Mark,Gonzalez,mark.gonzalez57@globallogisticsinc.com,+19858597656,003quyfnHx2slZjPi1,Global Logistics Inc.,ServiceCloud
Linda,Johnson,linda_johnson50@icloud.com,+17269959465,003HIDJGo5RkRHzG4k,Harbor Freight,ServiceCloud
Maria,Garcia,maria.garcia22@globallogisticsinc.com,+16206003572,003Ilb1jhkQQq2x74T,Global Logistics Inc.,ServiceCloud
Lisa,Thompson,lisa_thompson76@protonmail.com,+19077392581,003drLGXgT64J11f1B,TechVentures LLC,ServiceCloud
Kevin,Smith,kevin.smith80@gmail.com,+13366746715,003iiLvQVCxCLogOly,NovaBridge Ltd,ServiceCloud
Kevin,Johnson,kevinjohnson@outlook.com,+15547572295,0038Q08fR7kHvqx8cY,Acme Corp,ServiceCloud
Donna,Harris,donnaharris@yahoo.com,+16196081004,003pla0kk5fJkaaRzk,Harbor Freight,ServiceCloud
Betty,Lewis,betty.lewis@hotmail.com,+13459963065,003Qcqs6pL6yrvA3y4,Acme Corp,ServiceCloud
Lisa,Clark,lisa_clark@protonmail.com,+12334865244,003aU9U0bcaSg70KkV,Global Logistics Inc.,ServiceCloud
Lisa,Robinson,lisa_robinson22@hotmail.com,+13767657736,003nW2TeKkjlvUHvX5,TechVentures LLC,ServiceCloud
Charles,Johnson,charlesjohnson16@yahoo.com,+15568671782,003jvTYIgLTnCjVl1j,Harbor Freight,ServiceCloud
Margaret,Robinson,margaret_robinson@globallogisticsinc.com,+17867876254,003e3Ly5KUpR1rBo22,Global Logistics Inc.,ServiceCloud
George,Martinez,georgemartinez@protonmail.com,+13642117494,003VGMf94mmMvjWkSL,Global Logistics Inc.,ServiceCloud
Ronald,Wilson,ronald.wilson28@protonmail.com,+15125279690,0038r3A4Xq0OQdENkO,Global Logistics Inc.,ServiceCloud
Mark,Lee,marklee@protonmail.com,+19395759459,0035jLJZiTwihTC11G,Global Logistics Inc.,ServiceCloud
Linda,Martinez,linda_martinez@hotmail.com,+12597932303,0033dq9s0doXZ6kYLr,Global Logistics Inc.,ServiceCloud
Andrew,Ramirez,andrewramirez71@icloud.com,+14976135015,003sebsgAYea1cg4xS,TechVentures LLC,ServiceCloud
Stephanie,Perez,stephanieperez@gmail.com,+16213009605,003kkXs2dYS4q2CWg4,Global Logistics Inc.,ServiceCloud
William,Lee,william_lee28@yahoo.com,+13958951235,003x9IC5DSaAIytPAy,Global Logistics Inc.,ServiceCloud
James,Taylor,james.taylor@hotmail.com,+18229473094,003GtqFoYIfJJEMJfs,TechVentures LLC,ServiceCloud
Mark,Lee,marklee@yahoo.com,+17583307486,003U7nozVBZfSLMg6l,TechVentures LLC,ServiceCloud
Sandra,Rodriguez,sandrarodriguez66@hotmail.com,+16933283757,003dGNWwGlTkWRSDzk,Harbor Freight,ServiceCloud
Donna,Thompson,donna.thompson@globallogisticsinc.com,+16755799029,0031oWq0D1UiTlRkND,NovaBridge Ltd,ServiceCloud
Patricia,Ramirez,patricia.ramirez@protonmail.com,+17147098245,003AzEy3gKGqHy9UZP,Global Logistics Inc.,ServiceCloud
Jennifer,Gonzalez,jennifer_gonzalez6@gmail.com,+12383939959,003YpYQe3MR7u3u2Ns,Acme Corp,ServiceCloud
Margaret,Moore,margaret.moore2@outlook.com,+12419148445,00353WwsRGYUJ6jDRJ,Global Logistics Inc.,ServiceCloud
Robert,Jackson,robertjackson87@yahoo.com,+14196747215,003Pt5K0kA29RTX2pI,Acme Corp,ServiceCloud
Nancy,Clark,nancyclark@yahoo.com,+15056742534,00307wmeZOboeTfnwm,Acme Corp,ServiceCloud
Donald,Miller,donald_miller49@gmail.com,+19045904524,003lx90XlaZRPkgHMc,Acme Corp,ServiceCloud
Linda,Moore,linda.moore@gmail.com,+18909894889,003jR7VVofT5HYtqzs,Harbor Freight,ServiceCloud
Melissa,Clark,melissa_clark73@protonmail.com,+17233152871,0033GlNWwDK1hpcrAs,Global Logistics Inc.,ServiceCloud
Kenneth,Miller,kennethmiller72@yahoo.com,+19625995190,003jxW0NdDMgNiUHCK,Global Logistics Inc.,ServiceCloud
Lisa,Anderson,lisaanderson79@protonmail.com,+17808274783,003T6EMBVelifcG7cR,Global Logistics Inc.,ServiceCloud
Steven,Lewis,steven.lewis@protonmail.com,+19185392756,003equio4Nlt6n9bsj,Global Logistics Inc.,ServiceCloud
Paul,Rodriguez,paul.rodriguez@icloud.com,+18187687051,003ycbK0KrnA3SpB5G,Harbor Freight,ServiceCloud
Anthony,Davis,anthonydavis@outlook.com,+18394346423,003qGPOIjcuALD59PH,Global Logistics Inc.,ServiceCloud
Linda,Perez,linda.perez@protonmail.com,+14487343348,003zekNuIr1y2dLnqz,NovaBridge Ltd,ServiceCloud
Barbara,Garcia,barbaragarcia@yahoo.com,+17915733327,0038hKWxPxvCyDyBQe,Acme Corp,ServiceCloud
Nancy,Thomas,nancythomas80@globallogisticsinc.com,+16142991208,003jV4NV0ap6Ehknem,Acme Corp,ServiceCloud
Donna,Ramirez,donna_ramirez2@outlook.com,+17562849972,0030xUMYiE5UKGVTTM,NovaBridge Ltd,ServiceCloud
Michael,Miller,michael_miller@hotmail.com,+16937047318,003jFj3SjP0Tn3CL1G,Acme Corp,ServiceCloud
Joseph,Jones,josephjones@protonmail.com,+12609069701,003PbUhoKa7H09tOth,Harbor Freight,ServiceCloud
Daniel,Lewis,daniel.lewis92@outlook.com,+15193209840,003ZqSMPpP5cEDdapZ,Harbor Freight,ServiceCloud
Brian,Ramirez,brian_ramirez16@hotmail.com,+14527656520,00361oIfuY2rEq9EYK,Harbor Freight,ServiceCloud
Anthony,Lopez,anthonylopez@protonmail.com,+12464848021,003rYhUCCOyw63UAQW,Acme Corp,ServiceCloud
Christopher,Lewis,christopher.lewis@outlook.com,+17546331499,0030ru8jkXxhMdRxoY,NovaBridge Ltd,ServiceCloud
Michelle,Robinson,michellerobinson@icloud.com,+14509161130,003C8iwS9qx5r97OKp,Global Logistics Inc.,ServiceCloud
Donna,Robinson,donnarobinson24@globallogisticsinc.com,+16442125933,0033LYKTXTptID8ICE,Acme Corp,ServiceCloud
Margaret,Perez,margaretperez@icloud.com,+17807493617,003SbyldeVJ73alYKV,NovaBridge Ltd,ServiceCloud
William,Thomas,william.thomas74@protonmail.com,+12456289114,0038aiAA5FgNPCGJKX,NovaBridge Ltd,ServiceCloud
Anthony,Thomas,anthony_thomas@protonmail.com,+18017881475,003fDU5Ky59nYiLpxX,Acme Corp,ServiceCloud
Charles,Miller,charles.miller77@outlook.com,+16355455852,0030ARq1WDuUin8nQj,Global Logistics Inc.,ServiceCloud
Daniel,Johnson,daniel.johnson@protonmail.com,+17514273243,003T03Zya5nw87OV3j,Harbor Freight,ServiceCloud
Betty,Harris,bettyharris@yahoo.com,+12996037114,003kbq4XcHC6XYX4bC,Global Logistics Inc.,ServiceCloud
Mark,Lewis,marklewis39@outlook.com,+13493284855,00390B1qMDZPJNwc8g,Harbor Freight,ServiceCloud
Paul,Smith,paulsmith@gmail.com,+15476768795,003jyRk5jcKWo3ziJm,Global Logistics Inc.,ServiceCloud
George,Harris,georgeharris@protonmail.com,+14445168684,003gEjgN78n7QNlf1P,Global Logistics Inc.,ServiceCloud
Karen,Sanchez,karen.sanchez3@icloud.com,+19074835637,003mdT2UH6juN0LUkp,Acme Corp,ServiceCloud
Thomas,Miller,thomas.miller@hotmail.com,+17566864216,003hnfWQoN48AcDHk4,Acme Corp,ServiceCloud
Paul,Jones,pauljones93@hotmail.com,+16453638984,00336YsttSdJnVo7Qb,Global Logistics Inc.,ServiceCloud
Daniel,Smith,daniel_smith@icloud.com,+17216832238,003dEi7IaXnClWOkfm,NovaBridge Ltd,ServiceCloud
George,Thomas,georgethomas@outlook.com,+13696498756,003nQn9zqlIiokyX7x,TechVentures LLC,ServiceCloud
Brian,Thompson,brianthompson@icloud.com,+16134892724,0034OcVRYY5d5wOOcb,Global Logistics Inc.,ServiceCloud
Stephanie,Hernandez,stephaniehernandez@yahoo.com,+17286445361,003XFypJ9k2Vwn0iIc,Acme Corp,ServiceCloud
Stephanie,Thomas,stephaniethomas9@hotmail.com,+18169469973,003Vul7PWNlhche0WE,Global Logistics Inc.,ServiceCloud
Donna,Davis,donna.davis@outlook.com,+19382437643,003aMOfTft6JUA6zGO,Global Logistics Inc.,ServiceCloud
Maria,Miller,mariamiller46@gmail.com,+15912373153,003PAMtnizOLsI8Pqv,Acme Corp,ServiceCloud
Lisa,Garcia,lisa.garcia79@icloud.com,+19796591012,003Oxzbf57Cpl4JzYR,TechVentures LLC,ServiceCloud
Paul,Miller,paulmiller@icloud.com,+17575964029,003R7HDHv066Q3Rthf,Global Logistics Inc.,ServiceCloud
George,Taylor,george.taylor34@globallogisticsinc.com,+19169832273,003R1FDyTt9ubPsiZR,Global Logistics Inc.,ServiceCloud
Amanda,Clark,amanda_clark59@outlook.com,+16824356998,003vStz8uwfeud0ctf,TechVentures LLC,ServiceCloud
Joseph,Moore,josephmoore98@icloud.com,+16943826625,003ctJX6OwASeJ4vAb,Global Logistics Inc.,ServiceCloud
Michelle,Gonzalez,michelle.gonzalez58@hotmail.com,+13027388055,003h66ZH8YO1yiaDwM,Global Logistics Inc.,ServiceCloud
Andrew,Thompson,andrew.thompson18@hotmail.com,+14095159310,003sOlP9Yjyw7yxk1J,Global Logistics Inc.,ServiceCloud
Susan,Williams,susan_williams@protonmail.com,+13413728811,003IJuy5zAsuq35Utp,Global Logistics Inc.,ServiceCloud
Jessica,Lee,jessicalee51@protonmail.com,+16925022581,003vKMpwLT3ggk46Up,Global Logistics Inc.,ServiceCloud
Michelle,Harris,michelle.harris@yahoo.com,+13462738227,00360MCwk4wWENJUhG,Global Logistics Inc.,ServiceCloud
James,Lopez,james_lopez58@protonmail.com,+18073118405,003n2onpDeQPAC5a1i,Global Logistics Inc.,ServiceCloud
Dorothy,Sanchez,dorothysanchez@yahoo.com,+15977297574,003yz2luVxaoaUeHbx,Acme Corp,ServiceCloud
Mark,Lopez,mark_lopez@gmail.com,+18645917923,003zJGnkEEeLViOPb7,Global Logistics Inc.,ServiceCloud
Emily,Smith,emily_smith56@yahoo.com,+14223943353,003xDV89R0Xfq1Xglb,Global Logistics Inc.,ServiceCloud
Margaret,Jackson,margaret_jackson@gmail.com,+13294755427,003FIIRmmWlk0ykAaH,Acme Corp,ServiceCloud
Joshua,Jones,joshua_jones31@gmail.com,+15552269598,003nGSZLzPbq4GyQkR,Global Logistics Inc.,ServiceCloud
Sandra,Anderson,sandra_anderson@hotmail.com,+13442349697,003jddi2SYRHfF5OFK,Harbor Freight,ServiceCloud
Michelle,Lewis,michelle.lewis32@protonmail.com,+15129952780,003xW7nD3fuhNHYZyy,Acme Corp,ServiceCloud
Carol,Hernandez,carol_hernandez55@protonmail.com,+13048375276,003ZxjW6i4u8OdluoJ,Global Logistics Inc.,ServiceCloud
Paul,Davis,pauldavis@yahoo.com,+12763973998,003ZGW7Nr1UWhAislL,Acme Corp,ServiceCloud
Michelle,Robinson,michelle_robinson@yahoo.com,+15047062156,003RnHuiiQbfQaAlVk,Global Logistics Inc.,ServiceCloud
James,Jackson,james_jackson@hotmail.com,+15063404277,003uCmABAjng82WhNX,Acme Corp,ServiceCloud
Donna,Taylor,donna.taylor@gmail.com,+12302037444,003jLXDY1uqv3d5uJL,Harbor Freight,ServiceCloud
David,Miller,david.miller1@hotmail.com,+15292782168,003sls9rBIaqAB7zhn,NovaBridge Ltd,ServiceCloud
Emily,Rodriguez,emilyrodriguez@gmail.com,+18469684343,003VlBH09AJFDSbhDz,NovaBridge Ltd,ServiceCloud
Kevin,Harris,kevin.harris@gmail.com,+19539645837,003X9AP2rnXxONuGYE,TechVentures LLC,ServiceCloud
Ronald,Harris,ronald_harris@gmail.com,+14048973379,0030EF7I9ck8SLMHSQ,NovaBridge Ltd,ServiceCloud
Richard,Brown,richardbrown@hotmail.com,+16993157738,003mClzOboBJFQXyYZ,Global Logistics Inc.,ServiceCloud
Patricia,Lewis,patricia.lewis94@hotmail.com,+16279083266,003BIZ9BAiB3Qi61R6,Harbor Freight,ServiceCloud
